{"01a881d4-3532-e98b-8076-1cae7813e8e7":"/resources/al4/data.json","057b2616-c81d-3e40-92c9-82701a365714":"/resources/al1-1/data.json","12880584-9a67-16d1-2a9e-6231f014d3e3":"/resources/talkhints/data.json","169f50c3-208f-76cb-3813-9daccb492d97":"/resources/rs6/data.json","16b2eed4-2111-5445-b5b5-408d68878392":"/resources/final_project_5/data.json","1aa68b33-3e3b-c794-ca69-14b1b417522a":"/resources/al3-1/data.json","2279beb2-45bc-6253-e9b9-f50dbaa335ee":"/resources/hw3/data.json","279d745a-21d1-3404-a5a9-9cfa74b69f21":"/pages/calendar/data.json","2b37169a-de36-ef0f-cf19-876d1fcc6fec":"/resources/al2-12/data.json","33f95ccf-fb66-24a3-8317-541317564419":"/resources/rs62/data.json","34d6434f-19be-ff71-ad4d-d1e973a7bf73":"/pages/syllabus/data.json","384db750-b062-28e0-3199-813e7429ebf2":"/resources/rs61-1/data.json","398ec5c3-cb9d-a1ad-0097-0a402430d8b9":"/resources/al4-1/data.json","3b150a18-d20a-7709-9409-fe634799574b":"/resources/hw2/data.json","3e58ed7d-e530-eac4-b315-0754030b8978":"/resources/hw4/data.json","41fe279d-b3bb-d487-a368-3633a11397b5":"/resources/jsv_final_project_3/data.json","428b195c-632c-51fc-7f7a-c20eb1a3034f":"/resources/rs1/data.json","4477a846-8dee-0dcc-778c-d7a3c8f58270":"/resources/sample5/data.json","468fce9d-b08c-f46b-964f-b722d605214c":"/resources/sample4/data.json","4e1dbe65-5883-af44-167d-94f25d83ee72":"/resources/hw22/data.json","5539f472-155e-cad9-0da8-e6f613e0627e":"/resources/rs42/data.json","60652e5f-a17e-7739-f5e7-f1f8a66ce2dc":"/resources/rs1-12/data.json","61042028-6249-741f-b086-0e98cc2b6bda":"/resources/18-06cis04-th/data.json","617c59b8-88f7-4f2b-1d18-584d1b1408b9":"/pages/related-resources/data.json","628facd5-fc5c-6884-40e4-33dd96929388":"/resources/rs1-1/data.json","695e4d4e-cc10-7951-047e-11dd860d0a03":"/resources/rs5/data.json","70a3a315-b8a5-36ea-fdb2-f956337937ab":"/resources/al32/data.json","72739661-fb68-15f7-1530-b8eb859a0752":"/resources/rs4-1/data.json","7a4e4941-713c-2723-bf48-8aafa5998d9b":"/resources/rs3/data.json","7ad9566d-c40f-172c-811f-9564adb499c0":"/resources/al1/data.json","7e80169a-b267-059a-530b-379d8b4016f5":"/resources/rs2/data.json","7fca9799-8d85-2674-da8e-fd8667900088":"/resources/finalproject_2/data.json","87094652-ad49-026a-e057-83c2d5d19014":"/pages/assignments/data.json","87ad2129-ce5c-68e8-043f-b5b84a00114b":"/resources/rs6-1/data.json","8e6e793d-6905-9ef1-bf62-d7d91eb7de08":"/resources/1806ciphil/data.json","92944e08-e2d8-4c85-f343-c5bc6d35f4db":"/resources/al4-2/data.json","9306ec2c-9bbf-482c-17f9-4557e86f6270":"/resources/rs2-1/data.json","941174c4-c3fa-3cd9-1b9c-aaf6a3c7badd":"/resources/rs5-12/data.json","95873ef8-528b-835d-549e-45b8cca859bf":"/resources/rs61/data.json","98376b63-e5e8-5c14-af49-2d71e438f3d8":"/resources/rs4/data.json","9bcf523e-1bc5-ddd2-6f5e-b5375ea4afc6":"/resources/rs32/data.json","9c4d6ab2-5b21-72d4-6e88-f3a7a526122d":"/resources/al1-12/data.json","b4de37c8-fc51-fc81-7ca7-ccb881f8545f":"/resources/rs3-1/data.json","bbd471fa-ebfa-1542-4909-ba627aaed734":"/resources/hw3-1/data.json","bebc9d8b-618c-cd7c-296a-837e7ad3ee47":"/resources/rs2-12/data.json","bede824f-cd68-b3eb-3eda-9c36d90b4644":"/resources/rs61-2/data.json","c62d9ab5-a3ba-f1ba-c8e3-e5b99ab9d111":"/resources/al2/data.json","d76b3293-262f-a353-550a-988077db053c":"/resources/matr1/data.json","de3df049-521c-7063-56c9-8fdb65ea58aa":"/pages/projects/data.json","e507be10-5507-5a08-2b2d-ea012b3cce5e":"/resources/18-06cis04/data.json","e8099d94-f6ae-360e-7e30-7073371e275e":"/resources/sample2/data.json","ead4fd79-cf7e-9da4-d4d8-0fb49702431d":"/resources/sample1/data.json","f390261c-2752-7685-acba-e21973c91d46":"/pages/study-materials/data.json","f40c5587-2f06-9ab7-b60d-e17b84a36016":"/resources/paper4/data.json","f41c725f-0a43-e27c-5871-25a05eb4e8e7":"/resources/al2-1/data.json","f53dc3b8-12be-f5fb-3403-eb1af26adf6e":"/resources/hw12/data.json","f8f2d8de-d452-1aa1-e66a-de73ddb013de":"/resources/al3/data.json","fafe8c85-defe-4a26-abd9-05a70227c02d":"/resources/rs5-1/data.json","ff7a1252-4d02-5c14-a7a7-010670661450":"/resources/hw1/data.json","ffdd6afd-a7b7-c01d-d735-8a6e2f38e0e6":"/resources/hw42/data.json","ffed8148-93f1-c248-9d7a-1e98a7c9a5c9":"/resources/sample3/data.json"}