{
  "title":"18-06cis04.jpg",
  "description": "The root system G_2 with dominant Weyl chamber shown. (Image courtesy of Juha Valkama.)",
  "file": "/courses/18-06ci-linear-algebra-communications-intensive-spring-2004/e507be1055075a082b2dea012b3cce5e_18-06cis04.jpg",
  "learning_resource_types": [],
  "resource_type": "Image",
  "file_type": "image/jpeg",
  "image_metadata": {"caption":"The root system G\\_2 with dominant Weyl chamber shown. (Image courtesy of Juha Valkama.)","credit":"","image-alt":"Graph of  the root system G_2."}}
